time,wx,wy,wz
0.008668899536132812,-0.33,0.06,-0.01
0.009245872497558594,-0.33,0.06,-0.01
0.028657913208007812,-0.11,0.71,-0.0
0.029840946197509766,-0.11,0.71,-0.0
0.03757905960083008,-0.06,1.03,0.01
0.048191070556640625,-0.02,1.25,0.04
0.05847787857055664,0.0,1.37,0.06
0.06762290000915527,-0.01,1.44,0.1
0.07760286331176758,-0.02,1.46,0.17
0.08811593055725098,-0.04,1.41,0.22
0.10097980499267578,-0.12,1.2,0.25
0.11028194427490234,-0.22,0.95,0.25
0.12484598159790039,-0.32,0.72,0.25
0.130126953125,-0.38,0.53,0.22
0.14073801040649414,-0.39,0.38,0.18
0.15056896209716797,-0.36,0.28,0.14
0.16021490097045898,-0.29,0.08,0.1
0.16940784454345703,-0.22,-0.11,0.06
0.18014001846313477,-0.19,-0.21,0.03
0.1902627944946289,-0.19,-0.22,0.01
0.2003169059753418,-0.23,-0.22,0.0
0.22656679153442383,-0.12,0.09,-0.0
0.22665190696716309,-0.12,0.09,-0.0
0.22899484634399414,0.1,0.56,-0.03
0.24109196662902832,0.45,1.17,0.0
0.25063586235046387,0.88,1.81,0.14
0.25983095169067383,1.25,2.38,0.36
0.2705059051513672,1.43,2.74,0.57
0.28069591522216797,1.35,2.86,0.62
0.2899928092956543,1.06,2.79,0.51
0.32430386543273926,-0.1,1.2,0.11
0.32526683807373047,-0.1,1.2,0.11
0.32545900344848633,-0.1,1.2,0.11
0.32988405227661133,-0.32,0.85,0.01
0.34096384048461914,-0.39,0.68,-0.14
0.3516230583190918,-0.31,0.72,-0.22
0.3610539436340332,-0.04,0.94,-0.13
0.37181997299194336,0.38,1.39,0.15
0.38134002685546875,0.83,2.18,0.51
0.3918149471282959,1.29,3.18,0.76
0.42706775665283203,1.66,5.98,0.28
0.4299139976501465,1.66,5.98,0.28
0.4303429126739502,1.66,5.98,0.28
0.4323310852050781,1.34,6.48,-0.06
0.44245481491088867,1.06,6.76,-0.29
0.45256495475769043,0.82,6.96,-0.35
0.46244287490844727,0.54,7.14,-0.34
0.47443103790283203,0.22,5.17,-0.42
0.48241496086120605,-0.21,3.27,-1.15
0.4923567771911621,-0.64,0.92,-1.92
0.5247879028320312,-1.93,1.32,-2.93
0.5266590118408203,-1.93,1.32,-2.93
0.5270729064941406,-1.93,1.32,-2.93
0.5315890312194824,-1.78,1.93,-3.26
0.5426230430603027,-1.4,2.38,-3.41
0.5521998405456543,-0.83,2.64,-3.46
0.5629720687866211,-0.09,2.92,-3.59
0.5721149444580078,0.77,2.76,-3.65
0.582603931427002,1.35,2.14,-3.47
0.5932309627532959,1.4,1.65,-3.24
0.6259059906005859,0.54,0.77,-2.72
0.6277799606323242,0.54,0.77,-2.72
0.6281890869140625,0.54,0.77,-2.72
0.6329078674316406,0.64,0.37,-2.62
0.6433079242706299,0.96,-0.18,-2.66
0.6543829441070557,1.27,-1.21,-2.91
0.6637177467346191,1.4,-2.18,-3.17
0.6730060577392578,1.51,-2.67,-3.18
0.6838397979736328,1.83,-2.63,-3.06
0.6968498229980469,2.6,-1.96,-3.07
0.7277998924255371,4.65,0.5,-4.19
0.7290449142456055,4.65,0.5,-4.19
0.7293047904968262,4.65,0.5,-4.19
0.7337660789489746,4.7,0.86,-4.44
0.744074821472168,4.56,1.03,-4.32
0.7558469772338867,4.29,1.21,-3.86
0.7648749351501465,3.9,1.77,-3.21
0.7753009796142578,3.34,2.48,-2.61
0.7856287956237793,2.7,2.89,-2.16
0.7948269844055176,2.15,2.75,-1.76
0.8250718116760254,2.25,0.35,-0.82
0.8263049125671387,2.25,0.35,-0.82
0.8265678882598877,2.25,0.35,-0.82
0.833953857421875,2.77,-0.15,-0.69
0.844951868057251,3.29,-0.46,-0.71
0.855522871017456,3.6,-0.51,-0.76
0.8653450012207031,3.53,-0.39,-0.87
0.8755209445953369,3.22,-0.17,-1.08
0.8877489566802979,2.89,0.01,-1.43
0.8958678245544434,2.58,0.08,-1.88
0.9258618354797363,1.52,0.03,-3.0
0.9274587631225586,1.52,0.03,-3.0
0.9277267456054688,1.52,0.03,-3.0
0.934967041015625,1.23,-0.09,-3.24
0.945502758026123,1.05,-0.31,-3.54
0.9564778804779053,1.04,-0.66,-3.94
0.9663069248199463,1.15,-1.12,-4.4
0.9761888980865479,1.34,-1.45,-4.82
0.9866609573364258,1.51,-1.54,-5.17
1.0175437927246094,1.49,-1.48,-5.24
1.0187749862670898,1.49,-1.48,-5.24
1.0190348625183105,1.49,-1.48,-5.24
1.0259637832641602,1.36,-1.08,-4.78
1.0362038612365723,1.44,-0.47,-4.01
1.0469849109649658,1.56,-0.04,-3.18
1.0569329261779785,1.64,0.18,-2.39
1.0665497779846191,1.74,0.18,-1.77
1.077064037322998,1.96,-0.06,-1.5
1.0878238677978516,2.19,-0.33,-1.51
1.1203129291534424,1.53,0.75,-2.16
1.1221208572387695,1.53,0.75,-2.16
1.1225299835205078,1.53,0.75,-2.16
1.1262950897216797,1.35,1.89,-2.08
1.1371660232543945,1.45,2.66,-1.9
1.1475157737731934,1.71,2.65,-1.64
1.1586017608642578,1.88,1.99,-1.26
1.1669468879699707,1.73,0.97,-0.82
1.178663969039917,1.49,-0.36,-0.45
1.188222885131836,1.26,-1.78,-0.26
1.2205510139465332,1.48,-3.3,0.72
1.2218139171600342,1.48,-3.3,0.72
1.2220840454101562,1.48,-3.3,0.72
1.2275638580322266,1.34,-3.25,1.28
1.237776756286621,1.1,-2.9,1.58
1.2478289604187012,0.94,-2.23,1.43
1.2590138912200928,0.9,-1.36,0.82
1.2688839435577393,0.85,-0.22,0.14
1.2788479328155518,0.57,1.1,-0.32
1.2889409065246582,-0.05,2.31,-0.51
1.3232908248901367,-3.28,3.57,0.86
1.3252067565917969,-3.28,3.57,0.86
1.3256068229675293,-3.28,3.57,0.86
1.3279070854187012,-4.27,3.01,1.69
1.3381619453430176,-4.77,2.08,2.61
1.349057912826538,-4.74,0.89,3.63
1.3591160774230957,-4.37,-0.36,4.56
1.3704700469970703,-3.9,-1.43,5.19
1.3794188499450684,-3.52,-2.08,5.38
1.3899459838867188,-3.29,-2.12,5.03
1.423144817352295,-2.74,0.43,2.15
1.4244239330291748,-2.74,0.43,2.15
1.4246978759765625,-2.74,0.43,2.15
1.4287638664245605,-2.26,1.17,1.28
1.4397897720336914,-1.82,1.46,0.49
1.449260950088501,-1.48,1.32,-0.33
1.4600908756256104,-1.17,0.9,-1.06
1.4693989753723145,-0.77,0.48,-1.58
1.4805097579956055,-0.27,0.18,-1.89
1.491405963897705,0.21,0.11,-2.05
1.503492832183838,0.54,0.21,-2.13
1.5258359909057617,0.81,0.38,-2.03
1.5261178016662598,0.81,0.38,-2.03
1.529545783996582,0.92,0.31,-1.89
1.5395898818969727,1.01,0.21,-1.75
1.5501909255981445,1.05,0.21,-1.64
1.5604639053344727,1.07,0.35,-1.55
1.571485996246338,1.13,0.6,-1.47
1.5810048580169678,1.27,0.87,-1.46
1.5913567543029785,1.51,1.04,-1.61
1.6244728565216064,2.77,1.38,-2.82
1.6257178783416748,2.77,1.38,-2.82
1.6259849071502686,2.77,1.38,-2.82
1.6303367614746094,3.42,1.99,-3.2
1.6405179500579834,4.1,3.08,-3.32
1.6514678001403809,4.75,4.11,-3.33
1.6618719100952148,5.29,4.43,-3.27
1.6722140312194824,5.61,3.53,-2.82
1.6824109554290771,5.43,1.5,-1.91
1.6918919086456299,4.74,-0.9,-0.79
1.724991798400879,1.48,-4.1,3.02
1.7262258529663086,1.48,-4.1,3.02
1.7264890670776367,1.48,-4.1,3.02
1.7314269542694092,-0.0,-2.25,3.99
1.7422058582305908,-1.08,-0.38,4.48
1.7530097961425781,-1.46,0.77,4.6
1.7623698711395264,-1.22,1.39,4.45
1.772934913635254,-0.68,1.79,4.14
1.781613826751709,-0.38,2.15,3.95
1.795353889465332,-0.7,2.44,4.01
1.8173198699951172,-2.99,1.71,4.81
1.8176178932189941,-2.99,1.71,4.81
1.8221187591552734,-4.42,0.84,5.48
1.8320398330688477,-5.71,-0.37,6.02
1.842637062072754,-6.35,-1.64,6.05
1.8528199195861816,-6.15,-2.45,5.34
1.863049030303955,-5.28,-2.42,3.98
1.8744308948516846,-4.08,-1.63,2.3
1.8839869499206543,-2.99,-0.37,0.72
1.917375087738037,-2.57,3.18,-2.02
1.9186248779296875,-2.57,3.18,-2.02
1.9188868999481201,-2.57,3.18,-2.02
1.9229187965393066,-2.96,3.84,-2.13
1.9332249164581299,-2.81,4.1,-1.86
1.9429688453674316,-1.78,3.42,-1.41
1.9538698196411133,-0.27,1.75,-1.14
1.9639289379119873,1.21,-0.13,-1.23
1.9741909503936768,2.25,-1.25,-1.46
1.9845027923583984,2.76,-1.68,-1.79
2.019105911254883,2.1,-0.05,-3.25
2.0203518867492676,2.1,-0.05,-3.25
2.0206148624420166,2.1,-0.05,-3.25
2.0233829021453857,1.49,0.5,-3.69
2.0337767601013184,0.9,0.78,-4.01
2.04404878616333,0.64,0.94,-4.12
2.054069995880127,0.81,0.94,-4.12
2.0642669200897217,1.29,0.74,-4.18
2.074917793273926,1.91,0.25,-4.39
2.085474967956543,2.38,-0.19,-4.73
2.1205530166625977,3.23,0.29,-5.97
2.1217870712280273,3.23,0.29,-5.97
2.122048854827881,3.23,0.29,-5.97
2.124130964279175,3.84,1.06,-6.22
2.134608745574951,4.25,2.11,-6.59
2.1450657844543457,4.83,3.43,-6.49
2.1567819118499756,5.84,4.32,-5.51
2.1656107902526855,6.32,4.11,-3.9
2.1762208938598633,5.66,3.41,-1.76
2.1872520446777344,4.3,1.7,0.57
2.219543933868408,-0.16,0.07,5.47
2.220747947692871,-0.16,0.07,5.47
2.22101092338562,-0.16,0.07,5.47
2.2255349159240723,-1.13,0.47,6.18
2.237053871154785,-1.86,0.76,6.66
2.2471628189086914,-2.41,0.74,7.2
2.2567179203033447,-2.72,0.38,7.89
2.266355037689209,-2.8,0.28,8.56
2.2767038345336914,-2.83,0.38,8.98
2.287501811981201,-3.0,0.46,9.11
2.321505069732666,-3.95,-0.42,7.67
2.322741985321045,-3.95,-0.42,7.67
2.3228759765625,-3.95,-0.42,7.67
2.325678825378418,-3.98,-0.74,6.37
2.3367137908935547,-3.84,-0.49,5.02
2.346662998199463,-3.37,0.14,3.73
2.358090877532959,-2.65,1.13,2.56
2.3675408363342285,-2.03,2.23,1.44
2.3776068687438965,-1.7,3.13,0.43
2.387722969055176,-1.64,3.51,-0.39
2.417675018310547,-2.32,1.23,-1.5
2.418839931488037,-2.32,1.23,-1.5
2.4192399978637695,-2.32,1.23,-1.5
2.4267868995666504,-2.61,-0.08,-1.18
2.4373679161071777,-2.58,-1.12,-0.71
2.4474449157714844,-2.29,-1.92,-0.38
2.4579310417175293,-1.9,-2.36,-0.34
2.4684247970581055,-1.59,-2.44,-0.68
2.478221893310547,-1.48,-2.14,-1.33
2.488966941833496,-1.55,-1.65,-2.12
2.5247907638549805,-1.52,-0.54,-3.76
2.5260589122772217,-1.52,-0.54,-3.76
2.526339054107666,-1.52,-0.54,-3.76
2.5277509689331055,-1.31,-0.43,-3.85
2.5376410484313965,-1.0,-0.54,-3.85
2.547750949859619,-0.69,-0.88,-3.9
2.558238983154297,-0.55,-1.42,-3.98
2.568898916244507,-0.46,-1.88,-4.06
2.578725814819336,-0.23,-2.04,-4.17
2.610860824584961,2.43,-0.2,-5.15
2.6120619773864746,2.43,-0.2,-5.15
2.612330913543701,2.43,-0.2,-5.15
2.6185998916625977,3.41,1.12,-5.74
2.6298458576202393,3.92,2.31,-6.33
2.6387810707092285,4.05,3.13,-7.02
2.6486258506774902,4.18,3.68,-7.8
2.6595587730407715,4.85,4.26,-8.26
2.6711997985839844,5.77,4.29,-8.09
2.680510997772217,6.16,3.23,-6.99
2.713441848754883,2.12,-0.32,1.06
2.714510917663574,2.12,-0.32,1.06
2.714909076690674,2.12,-0.32,1.06
2.7196030616760254,0.45,-0.86,3.59
2.7307379245758057,-0.77,-0.82,5.35
2.7401528358459473,-1.22,-0.51,6.27
2.7507758140563965,-1.0,-0.22,6.43
2.760967969894409,-0.77,-0.07,6.24
2.771256923675537,-1.07,0.21,6.18
2.7813119888305664,-1.95,0.93,6.4
2.8118419647216797,-3.7,1.18,10.21
2.8130850791931152,-3.7,1.18,10.21
2.8133487701416016,-3.7,1.18,10.21
2.8197598457336426,-3.02,-1.74,11.42
2.8304848670959473,-1.91,-4.81,11.18
2.8406248092651367,-0.61,-4.67,9.76
2.8509209156036377,0.56,-2.29,7.5
2.8610987663269043,0.84,0.14,4.98
2.8724019527435303,0.19,1.67,2.8
2.8818929195404053,-0.96,2.34,1.09
2.9167227745056152,-2.78,3.52,-1.93
2.9179959297180176,-2.78,3.52,-1.93
2.9182698726654053,-2.78,3.52,-1.93
2.92055606842041,-2.18,3.17,-2.07
2.9308578968048096,-1.62,2.55,-1.82
2.94143009185791,-1.54,1.72,-1.37
2.9514238834381104,-1.94,0.72,-0.81
2.9619507789611816,-2.51,-0.49,-0.5
2.972681999206543,-2.95,-1.64,-0.55
2.982254981994629,-3.12,-2.26,-0.83
3.0172009468078613,-2.21,-1.02,-2.01
3.018491744995117,-2.21,-1.02,-2.01
3.018760919570923,-2.21,-1.02,-2.01
3.021419048309326,-2.07,-0.56,-2.26
3.0314650535583496,-2.14,-0.22,-2.36
3.0422048568725586,-2.18,0.08,-2.33
3.052158832550049,-2.0,0.33,-2.23
3.0631818771362305,-1.63,0.56,-2.13
3.0730137825012207,-1.22,0.75,-2.08
3.082852840423584,-0.9,0.92,-2.08
3.115889072418213,0.07,1.38,-2.06
3.117116928100586,0.07,1.38,-2.06
3.1173808574676514,0.07,1.38,-2.06
3.1226799488067627,0.48,1.38,-2.02
3.1323139667510986,0.8,1.28,-2.0
3.142899990081787,0.98,1.12,-1.96
3.153925895690918,1.05,1.01,-1.94
3.1635518074035645,1.14,0.94,-1.99
3.173649787902832,1.36,0.91,-2.18
3.183849811553955,1.72,0.93,-2.39
3.218134880065918,2.5,-0.08,-3.04
3.2193827629089355,2.5,-0.08,-3.04
3.2196459770202637,2.5,-0.08,-3.04
3.223240852355957,2.45,-0.57,-3.38
3.232801914215088,2.69,-0.6,-3.82
3.243785858154297,3.44,-0.4,-4.51
3.254584789276123,4.47,-0.28,-5.21
3.264742851257324,5.23,-0.13,-5.22
3.2749500274658203,5.46,0.22,-4.4
3.286015033721924,5.1,0.58,-3.35
3.323111057281494,1.88,2.17,0.67
3.325173854827881,0.46,1.93,1.82
3.3254427909851074,0.46,1.93,1.82
3.326643943786621,0.46,1.93,1.82
3.3350510597229004,-0.6,1.31,2.61
3.3453218936920166,-0.9,0.6,2.96
3.354869842529297,-0.55,0.1,2.91
3.365673065185547,-0.02,0.04,2.72
3.3752989768981934,0.25,0.25,2.69
3.3850350379943848,0.13,0.45,2.95
3.407900810241699,-0.75,0.4,4.3
3.408536911010742,-0.75,0.4,4.3
3.414215087890625,-1.22,0.03,5.2
3.4247608184814453,-1.6,-0.54,6.06
3.434619903564453,-1.93,-1.57,6.76
3.445399761199951,-2.03,-2.97,7.09
3.455946922302246,-1.8,-4.09,6.83
3.4657719135284424,-1.43,-4.12,6.11
3.476599931716919,-1.16,-3.02,5.16
3.5088768005371094,-1.39,1.2,1.84
3.5101318359375,-1.39,1.2,1.84
3.5103938579559326,-1.39,1.2,1.84
3.5154318809509277,-1.69,1.72,1.07
3.5260169506073,-1.97,1.7,0.53
3.535270929336548,-2.0,1.39,0.25
3.546112060546875,-1.65,1.08,0.19
3.556602954864502,-1.12,0.85,0.25
3.5672497749328613,-0.72,0.67,0.23
3.577319860458374,-0.6,0.52,0.07
3.610646963119507,-1.42,0.59,-0.69
3.611759901046753,-1.42,0.59,-0.69
3.612165927886963,-1.42,0.59,-0.69
3.6159210205078125,-1.71,0.72,-1.05
3.6266069412231445,-1.85,0.76,-1.44
3.63667893409729,-1.8,0.64,-1.86
3.646599769592285,-1.61,0.49,-2.26
3.657282829284668,-1.38,0.37,-2.6
3.6679458618164062,-1.27,0.31,-2.81
3.677910804748535,-1.19,0.24,-2.99
3.7122199535369873,0.42,-0.4,-4.33
3.7134759426116943,0.42,-0.4,-4.33
3.713737964630127,0.42,-0.4,-4.33
3.717249870300293,1.43,-0.38,-5.11
3.7287230491638184,2.42,-0.04,-5.97
3.738414764404297,3.31,0.32,-6.97
3.7479958534240723,4.11,0.82,-7.68
3.7587270736694336,4.52,1.63,-7.55
3.7686588764190674,4.16,2.5,-6.65
3.7784018516540527,3.25,3.17,-5.45
3.8116209506988525,2.13,3.75,-1.48
3.8128390312194824,2.13,3.75,-1.48
3.813106060028076,2.13,3.75,-1.48
3.8181889057159424,2.5,3.62,-0.34
3.8281540870666504,2.83,3.26,0.7
3.839927911758423,2.84,2.61,1.73
3.8487510681152344,2.44,1.87,2.72
3.8593010902404785,1.72,1.31,3.62
3.8691399097442627,0.89,0.94,4.42
3.8792848587036133,0.07,0.58,5.17
3.914185047149658,-2.11,-0.26,6.63
3.9154109954833984,-2.11,-0.26,6.63
3.9156739711761475,-2.11,-0.26,6.63
3.9183199405670166,-2.56,-0.89,6.66
3.9287168979644775,-2.83,-1.44,6.41
3.939518928527832,-2.91,-1.71,6.01
3.9491348266601562,-2.9,-1.66,5.47
3.959691047668457,-2.97,-1.28,4.7
3.9701437950134277,-3.17,-0.75,3.75
3.980207920074463,-3.37,-0.27,2.68
4.015505790710449,-2.4,1.09,-0.35
4.016730785369873,-2.4,1.09,-0.35
4.01700496673584,-2.4,1.09,-0.35
4.019230842590332,-1.7,1.24,-0.92
4.029494762420654,-1.12,1.14,-1.27
4.03987979888916,-0.77,0.86,-1.41
4.050260066986084,-0.63,0.58,-1.36
4.060318946838379,-0.72,0.29,-1.24
4.071186065673828,-0.95,-0.06,-1.15
4.080970764160156,-1.15,-0.38,-1.21
4.1123268604278564,-1.02,-0.86,-2.11
4.113588809967041,-1.02,-0.86,-2.11
4.113856792449951,-1.02,-0.86,-2.11
4.119946002960205,-0.99,-0.81,-2.48
4.130311012268066,-0.95,-0.64,-2.81
4.140810012817383,-0.9,-0.41,-3.07
4.151261806488037,-0.88,-0.21,-3.29
4.161377906799316,-0.87,-0.07,-3.48
4.1727659702301025,-0.62,-0.02,-3.76
4.184020042419434,0.1,0.02,-4.3
4.206763744354248,3.1,1.52,-5.84
4.207058906555176,3.1,1.52,-5.84
4.211440086364746,4.55,3.01,-6.34
4.221676826477051,5.45,4.24,-6.5
4.232408046722412,5.53,4.42,-6.39
4.242362022399902,4.8,3.55,-6.04
4.251690864562988,3.53,2.41,-5.29
4.262876987457275,2.25,1.81,-4.14
4.272132873535156,1.31,2.05,-2.8
4.3071980476379395,0.3,1.62,1.94
4.308409929275513,0.3,1.62,1.94
4.308671951293945,0.3,1.62,1.94
4.311929941177368,-0.06,1.08,3.29
4.323040962219238,-0.52,0.59,4.42
4.331841945648193,-1.08,0.2,5.36
4.342159748077393,-1.64,-0.1,6.03
4.351953983306885,-2.1,-0.26,6.36
4.362237930297852,-2.5,-0.47,6.32
4.373384952545166,-2.81,-0.62,5.96
4.408066749572754,-2.91,-0.11,4.0
4.409259796142578,-2.91,-0.11,4.0
4.409528970718384,-2.91,-0.11,4.0
4.412226915359497,-2.6,-0.16,3.46
4.422631740570068,-2.06,-0.3,3.05
4.432994842529297,-1.4,-0.21,2.72
4.444163799285889,-0.75,0.06,2.5
4.452854871749878,-0.29,0.47,2.34
4.464150905609131,-0.15,0.97,2.19
4.4743499755859375,-0.32,1.46,2.06
4.508291959762573,-1.23,1.2,1.65
4.50937294960022,-1.23,1.2,1.65
4.50977087020874,-1.23,1.2,1.65
4.513095855712891,-1.31,0.02,1.22
4.5245349407196045,-1.32,-0.71,0.83
4.5335938930511475,-1.28,-0.91,0.5
4.544684886932373,-1.25,-0.81,0.07
4.554916858673096,-1.43,-0.55,-0.44
4.564845085144043,-1.77,-0.26,-1.02
4.5756120681762695,-2.03,-0.02,-1.59
4.607940912246704,-1.09,-0.47,-2.52
4.6093668937683105,-1.09,-0.47,-2.52
4.609771966934204,-1.09,-0.47,-2.52
4.613839864730835,-0.38,-0.85,-2.64
4.624111890792847,0.15,-1.35,-2.8
4.634840965270996,0.46,-1.85,-3.07
4.6446309089660645,0.75,-2.05,-3.37
4.654512882232666,1.22,-1.76,-3.77
4.66550874710083,1.95,-0.9,-4.2
4.675698757171631,2.93,0.44,-4.63
4.709583759307861,6.65,3.23,-4.76
4.710834980010986,6.65,3.23,-4.76
4.711097955703735,6.65,3.23,-4.76
4.7154130935668945,6.56,2.51,-4.3
4.725779056549072,5.23,1.86,-3.62
4.736072063446045,3.22,2.05,-2.84
4.745950937271118,1.27,2.66,-1.82
4.756617069244385,-0.28,2.79,-0.69
4.766348838806152,-1.44,2.86,0.54
4.777170896530151,-2.17,2.79,1.65
4.810532093048096,-3.03,1.35,4.58
4.81176495552063,-3.03,1.35,4.58
4.81203293800354,-3.03,1.35,4.58
4.815396785736084,-3.48,0.42,5.57
4.825650930404663,-3.99,-0.55,6.17
4.835762977600098,-4.31,-1.47,6.25
4.846189975738525,-4.38,-2.05,5.81
4.856594085693359,-4.21,-2.02,4.87
4.866134881973267,-3.79,-1.28,3.65
4.87715482711792,-3.14,-0.16,2.46
4.911016941070557,-1.43,1.78,0.22
4.912225961685181,-1.43,1.78,0.22
4.912487030029297,-1.43,1.78,0.22
4.916155815124512,-1.15,1.93,-0.08
4.92648983001709,-0.87,1.96,-0.27
4.936969757080078,-0.54,1.94,-0.36
4.9469428062438965,-0.21,1.89,-0.36
4.95746374130249,0.1,1.78,-0.26
4.9673168659210205,0.31,1.59,-0.13
4.978298902511597,0.39,1.34,-0.03
5.0009238719940186,0.07,0.45,-0.07
5.001587867736816,0.07,0.45,-0.07
5.007155895233154,-0.21,-0.08,-0.21
5.017492771148682,-0.39,-0.58,-0.42
5.027177810668945,-0.47,-1.02,-0.68
5.037777900695801,-0.54,-1.4,-0.96
5.04848575592041,-0.65,-1.59,-1.28
5.0587499141693115,-0.82,-1.74,-1.64
5.069057941436768,-0.99,-1.88,-1.93
5.0814127922058105,-1.07,-1.9,-2.1
5.104859828948975,-0.75,-2.34,-2.51
5.105133056640625,-0.75,-2.34,-2.51
5.107639789581299,-0.27,-2.69,-2.77
5.125957012176514,0.44,-2.75,-3.03
5.127840042114258,1.29,-2.39,-3.29
5.139227867126465,2.14,-1.92,-3.76
5.149229049682617,2.99,-1.28,-4.57
5.159157752990723,3.95,-0.08,-5.57
5.170789957046509,5.06,1.55,-6.25
5.201478958129883,6.53,0.37,-3.92
5.202725887298584,6.53,0.37,-3.92
5.203001022338867,6.53,0.37,-3.92
5.209277868270874,5.81,-2.01,-2.15
5.220311880111694,4.73,-4.32,-0.14
5.228965759277344,3.81,-5.25,1.56
5.240840911865234,2.79,-4.62,2.84
5.250097751617432,1.74,-2.58,3.56
5.260663032531738,0.82,-0.19,4.02
5.271092891693115,0.18,1.39,4.53
5.300830841064453,-0.55,0.64,6.63
5.302114009857178,-0.55,0.64,6.63
5.303313970565796,-0.55,0.64,6.63
5.309481859207153,-0.2,-0.14,7.31
5.319885969161987,0.38,-0.94,7.75
5.329959869384766,1.02,-1.81,8.05
5.340662956237793,1.51,-2.35,8.26
5.350806951522827,1.59,-1.84,8.12
5.36129093170166,1.16,-0.69,7.56
5.371476888656616,0.32,0.46,6.69
5.406190872192383,-2.69,0.61,3.46
5.407420873641968,-2.69,0.61,3.46
5.407683849334717,-2.69,0.61,3.46
5.410055875778198,-3.01,0.33,2.72
5.4200310707092285,-2.62,0.15,2.28
5.430652856826782,-1.82,-0.15,2.08
5.440854072570801,-1.06,-0.41,2.01
5.451438903808594,-0.64,-0.45,1.88
5.461938858032227,-0.63,-0.33,1.6
5.472439765930176,-0.92,-0.4,1.17
5.506288051605225,-2.28,-1.45,-0.39
5.50738787651062,-2.28,-1.45,-0.39
5.5077879428863525,-2.28,-1.45,-0.39
5.510838031768799,-2.46,-1.46,-0.67
5.521155834197998,-2.59,-1.3,-0.86
5.53154182434082,-2.85,-0.9,-1.05
5.541811943054199,-3.24,-0.48,-1.21
5.551418781280518,-3.6,-0.19,-1.37
5.56339693069458,-3.71,-0.01,-1.62
5.572939872741699,-3.45,-0.04,-1.94
5.606980800628662,-1.83,-1.39,-3.06
5.608219861984253,-1.83,-1.39,-3.06
5.608482837677002,-1.83,-1.39,-3.06
5.611509799957275,-1.53,-1.89,-3.36
5.621978759765625,-1.48,-2.09,-3.68
5.632373809814453,-1.49,-1.68,-3.94
5.64245080947876,-1.26,-0.84,-4.2
5.6543519496917725,-0.66,0.06,-4.57
5.663949966430664,0.35,0.51,-4.96
5.673220872879028,1.61,0.39,-5.25
5.7043328285217285,4.25,-2.26,-3.43
5.705453872680664,4.25,-2.26,-3.43
5.7065558433532715,4.25,-2.26,-3.43
5.7126898765563965,3.6,-2.81,-2.51
5.723877906799316,2.53,-2.65,-1.79
5.73459005355835,1.74,-1.94,-1.05
5.74351692199707,1.46,-0.95,-0.36
5.754814863204956,1.53,-0.3,0.39
5.76456093788147,2.04,-0.35,1.21
5.795100927352905,5.17,-2.93,3.73
5.796494960784912,5.17,-2.93,3.73
5.797679901123047,5.17,-2.93,3.73
5.803164005279541,5.77,-2.89,4.11
5.8132548332214355,5.93,-2.2,4.37
5.824309825897217,5.83,-1.3,4.51
5.833769798278809,5.61,-0.44,4.59
5.844506740570068,5.31,0.35,4.68
5.855309963226318,4.84,0.98,4.77
5.866034030914307,4.26,1.38,4.88
5.898464918136597,3.28,0.11,5.15
5.8996968269348145,3.28,0.11,5.15
5.899960041046143,3.28,0.11,5.15
5.904019832611084,2.78,-0.84,4.77
5.914162874221802,2.11,-1.32,4.01
5.926379919052124,1.31,-1.1,3.05
5.934730052947998,0.45,-0.37,2.14
5.945405006408691,-0.38,0.6,1.4
5.955885887145996,-1.07,1.42,0.86
5.965731859207153,-1.64,1.96,0.52
5.99921989440918,-2.77,1.27,0.12
6.000472068786621,-2.77,1.27,0.12
6.000732898712158,-2.77,1.27,0.12
6.004790782928467,-2.99,0.58,0.01
6.01502799987793,-3.13,0.11,-0.11
6.025868892669678,-3.22,-0.11,-0.21
6.035464763641357,-3.37,-0.17,-0.3
6.046267986297607,-3.57,-0.06,-0.46
6.056756019592285,-3.75,0.13,-0.69
6.066709041595459,-3.83,0.28,-0.95
6.100838899612427,-3.48,0.3,-1.61
6.10205078125,-3.48,0.3,-1.61
6.102309942245483,-3.48,0.3,-1.61
6.105569839477539,-3.34,0.18,-1.94
6.115809917449951,-3.28,0.07,-2.49
6.126384973526001,-3.35,0.28,-3.27
6.1361260414123535,-3.23,0.84,-4.09
6.146894931793213,-2.76,1.41,-4.93
6.15717887878418,-1.76,1.97,-5.69
6.167769908905029,-0.25,2.43,-6.47
6.202507019042969,3.44,1.21,-8.13
6.203645944595337,3.44,1.21,-8.13
6.204041004180908,3.44,1.21,-8.13
6.207266807556152,2.61,0.24,-7.9
6.216770887374878,0.74,-0.01,-7.32
6.2275848388671875,-0.78,0.86,-6.32
6.238178968429565,-0.87,2.47,-5.12
6.247889995574951,-0.14,3.77,-3.76
6.2581939697265625,0.7,3.68,-2.04
6.268276929855347,1.54,2.32,-0.22
6.302353858947754,3.16,-0.66,4.04
6.303648948669434,3.16,-0.66,4.04
6.303918838500977,3.16,-0.66,4.04
6.30856990814209,3.34,-0.38,4.81
6.317258834838867,3.29,0.15,5.24
6.327518939971924,3.06,0.76,5.39
6.338027000427246,2.76,1.35,5.38
6.347860813140869,2.53,1.93,5.4
6.358824968338013,2.46,2.38,5.61
6.368901968002319,2.51,2.41,6.07
6.400244951248169,2.46,-0.5,7.04
6.401443958282471,2.46,-0.5,7.04
6.401705741882324,2.46,-0.5,7.04
6.408301830291748,2.07,-1.52,6.52
6.418147087097168,1.49,-1.72,5.54
6.428469896316528,0.82,-1.01,4.31
6.439007759094238,0.2,0.2,3.03
6.449114799499512,-0.39,1.38,1.82
6.459239959716797,-1.03,2.27,0.86
6.469717979431152,-1.71,2.73,0.28
6.503509998321533,-3.49,1.85,0.49
6.50478982925415,-3.49,1.85,0.49
6.505054950714111,-3.49,1.85,0.49
6.508999824523926,-3.85,1.21,0.76
6.5189409255981445,-3.99,0.71,0.9
6.528869867324829,-3.85,0.49,0.85
6.539474964141846,-3.5,0.44,0.6
6.549201011657715,-3.12,0.53,0.22
6.560297012329102,-3.0,0.4,-0.23
6.593867778778076,-2.96,0.84,-0.63
6.595050811767578,-2.96,0.84,-0.63
6.595314025878906,-2.96,0.84,-0.63
6.599366903305054,-1.78,2.02,-0.31
6.610761880874634,-0.53,3.08,0.33
6.6210527420043945,0.08,3.15,1.06
6.630642890930176,0.16,2.04,1.76
6.641767978668213,0.31,0.58,2.43
6.651108741760254,0.86,-0.5,2.95
6.661230087280273,1.5,-0.48,3.12
6.695256948471069,0.77,4.15,3.58
6.6963300704956055,0.77,4.15,3.58
6.69673490524292,0.77,4.15,3.58
6.700850963592529,-0.95,4.38,4.53
6.710886001586914,-2.29,3.21,5.87
6.7221198081970215,-2.47,1.49,7.29
6.731045961380005,-1.77,0.16,8.4
6.742892742156982,-0.85,-0.56,8.86
6.751734972000122,-0.01,-0.57,8.7
6.76240086555481,0.62,0.03,8.06
6.79518985748291,1.09,2.41,5.39
6.796437740325928,1.09,2.41,5.39
6.796727895736694,1.09,2.41,5.39
6.800916910171509,0.89,2.4,4.66
6.811604022979736,0.6,2.03,4.1
6.821408748626709,0.34,1.52,3.82
6.832152843475342,0.17,1.05,3.69
6.842156887054443,0.1,0.8,3.64
6.852481842041016,0.11,0.78,3.58
6.8627400398254395,0.22,0.77,3.41
6.898461818695068,0.56,-0.49,2.21
6.899662971496582,0.56,-0.49,2.21
6.899928092956543,0.56,-0.49,2.21
6.901763916015625,0.46,-1.06,1.82
6.912193775177002,0.27,-1.37,1.62
6.922306060791016,0.1,-1.37,1.51
6.932589054107666,0.65,-0.64,0.97
6.942852020263672,1.26,-0.05,0.24
6.95426607131958,1.84,0.97,-0.31
6.963654041290283,1.82,1.31,0.06
6.999323844909668,1.01,0.29,1.6
7.00053596496582,1.01,0.29,1.6
7.000794887542725,1.01,0.29,1.6
7.002604961395264,0.5,0.18,1.61
7.013035774230957,-0.02,0.45,1.3
7.023848056793213,-0.39,0.94,0.8
7.033483028411865,-0.61,1.39,0.32
7.043848037719727,-0.66,1.56,-0.13
7.054705858230591,-0.56,1.49,-0.52
7.064250946044922,-0.32,1.21,-0.75
7.09755277633667,0.71,-1.78,-0.36
7.098777770996094,0.71,-1.78,-0.36
7.0990400314331055,0.71,-1.78,-0.36
7.10326886177063,0.61,-3.21,-0.49
7.113770008087158,0.53,-4.31,-0.71
7.124434947967529,0.55,-4.74,-0.77
7.134257793426514,0.74,-4.18,-0.74
7.144906997680664,1.14,-3.64,-0.85
7.155828952789307,1.33,-3.17,-0.89
7.1649370193481445,1.27,-2.64,-0.65
7.19919490814209,3.09,-1.52,-0.16
7.200418949127197,3.09,-1.52,-0.16
7.20068097114563,3.09,-1.52,-0.16
7.204097747802734,2.8,-1.33,0.12
7.21449089050293,1.87,-1.54,0.35
7.225072860717773,0.54,-1.72,0.35
7.235016822814941,-1.39,-2.06,0.18
7.245421886444092,-3.04,-2.16,0.34
7.255121946334839,-4.0,-2.14,0.24
7.265895843505859,-4.24,-2.17,0.09
7.301083087921143,-1.93,-2.19,0.31
7.302314758300781,-1.93,-2.19,0.31
7.302577972412109,-1.93,-2.19,0.31
7.3048930168151855,-0.99,-1.89,0.4
7.315253973007202,-0.39,-1.42,0.31
7.3259968757629395,-0.3,-0.76,0.15
7.335645914077759,-0.55,-0.03,0.08
7.3463640213012695,-0.22,0.81,-0.08
7.3568878173828125,0.28,1.68,-0.16
7.366568088531494,0.81,2.01,-0.16
7.391195774078369,1.16,1.42,0.21
7.3914690017700195,1.16,1.42,0.21
7.395952939987183,0.93,0.84,0.31
7.411269903182983,0.52,0.19,0.38
7.4157867431640625,-0.02,-0.29,0.45
7.4259538650512695,-0.55,-0.59,0.58
7.436652898788452,-0.86,-0.74,0.75
7.446386814117432,-0.9,-0.73,0.77
7.457798957824707,-0.58,-0.51,0.83
7.4729838371276855,0.07,-0.28,0.83
7.502981901168823,1.02,0.09,0.54
7.503627777099609,1.02,0.09,0.54
7.503936767578125,1.02,0.09,0.54
7.507791996002197,0.74,-0.04,0.42
7.516373872756958,0.38,-0.21,0.29
7.526895046234131,0.08,-0.22,0.17
7.536792755126953,-0.04,-0.09,0.06
7.546499967575073,0.06,0.09,-0.06
7.5568060874938965,0.26,0.25,-0.01
7.580066919326782,0.76,0.26,0.36
7.580348968505859,0.76,0.26,0.36
7.58723783493042,0.89,0.09,0.3
7.597364902496338,0.65,-0.26,0.02
7.607189893722534,0.24,-0.6,-0.21
7.617252826690674,-0.02,-0.56,-0.07
7.627753973007202,0.19,-0.12,0.21
7.638154983520508,0.71,0.5,0.45
7.646949768066406,1.15,0.85,0.59
7.657348871231079,1.34,0.68,0.59
7.678857803344727,1.31,0.0,0.26
7.6796629428863525,1.31,0.0,0.26
7.687180042266846,0.82,-0.05,0.01
7.6975929737091064,-0.09,0.06,-0.31
7.707605838775635,-1.06,0.31,-0.69
7.718841075897217,-1.73,0.52,-0.94
7.72945499420166,-1.98,0.55,-0.94
7.73923397064209,-1.9,0.34,-0.75
7.749152898788452,-1.69,-0.16,-0.48
7.758590936660767,-1.53,-0.77,-0.24
7.795461893081665,-1.77,-1.42,-0.04
7.795741081237793,-1.77,-1.42,-0.04
7.795882940292358,-1.77,-1.42,-0.04
7.79825496673584,-1.77,-0.99,-0.04
7.808714866638184,-1.47,-0.36,-0.02
7.819360971450806,-0.87,0.14,0.08
7.830333948135376,-0.14,0.38,0.23
7.840772867202759,0.55,0.46,0.35
7.850250959396362,1.03,0.46,0.46
7.862910747528076,1.25,0.43,0.5
7.883204936981201,0.98,0.26,0.29
7.883692741394043,0.98,0.26,0.29
7.889677047729492,0.63,0.22,0.07
7.899549961090088,0.21,0.23,-0.09
7.909955024719238,-0.2,0.18,-0.13
7.920005798339844,-0.51,0.04,-0.09
7.931138038635254,-0.61,-0.09,-0.04
7.9405927658081055,-0.51,-0.15,0.01
7.950509071350098,-0.27,-0.16,0.07
7.961540937423706,0.05,-0.16,0.14
7.991347789764404,0.81,-0.09,0.37
7.991664886474609,0.81,-0.09,0.37
7.992883920669556,0.81,-0.09,0.37
8.000046968460083,0.9,0.04,0.42
8.010313034057617,0.89,0.26,0.48
8.022090911865234,0.86,0.52,0.52
8.031239986419678,0.85,0.75,0.52
8.04234504699707,0.87,0.92,0.47
8.051559925079346,0.97,0.92,0.36
8.070761919021606,1.52,0.26,0.06
8.096343040466309,1.02,-0.2,-0.28
8.097633838653564,1.02,-0.2,-0.28
8.097912788391113,1.02,-0.2,-0.28
8.100969791412354,0.55,-0.27,-0.37
8.110929012298584,0.2,-0.19,-0.63
8.125406742095947,-0.17,0.04,-0.91
8.132181882858276,-0.59,0.43,-0.9
8.143118858337402,-0.85,1.04,-0.45
8.152198791503906,-0.5,1.46,0.2
8.16250491142273,0.63,1.41,0.78
8.197298049926758,2.87,0.35,0.76
8.19750189781189,2.87,0.35,0.76
8.197696924209595,2.87,0.35,0.76
8.20207691192627,1.71,-0.2,0.27
8.212989807128906,-0.2,-0.69,-0.29
8.222919940948486,-2.13,-1.1,-0.73
8.232218742370605,-3.37,-1.34,-0.97
8.267003059387207,-2.47,-0.54,-1.1
8.268014907836914,-2.47,-0.54,-1.1
8.268503904342651,-2.47,-0.54,-1.1
8.29158091545105,-0.38,0.35,-0.8
8.291778087615967,-0.38,0.35,-0.8
8.293922901153564,0.48,0.74,-0.59
8.302795886993408,1.08,0.98,-0.41
8.312761783599854,1.43,1.04,-0.26
8.322743892669678,1.5,0.95,-0.12
8.333330869674683,1.32,0.79,0.05
8.34404993057251,0.99,0.68,0.2
8.354367971420288,0.61,0.6,0.24
8.364215850830078,0.31,0.55,0.24
8.391298770904541,0.03,0.43,0.21
8.39158296585083,0.03,0.43,0.21
8.39308786392212,0.03,0.1,0.21
8.403250932693481,0.09,-0.22,0.09
8.413546085357666,0.12,-0.48,-0.09
8.423956871032715,0.06,-0.69,-0.31
8.4339759349823,-0.09,-0.79,-0.56
8.445490837097168,-0.24,-0.75,-0.78
8.455237865447998,-0.33,-0.62,-0.9
8.46589183807373,-0.37,-0.55,-0.87
8.494034767150879,-0.67,-0.77,-0.45
8.494543075561523,-0.67,-0.77,-0.45
8.495644092559814,-0.67,-0.77,-0.45
8.50431776046753,-0.82,-0.78,-0.3
8.514518737792969,-0.91,-0.58,-0.16
8.524375915527344,-0.91,-0.19,-0.06
8.53418779373169,-0.85,0.35,0.03
8.546909809112549,-0.79,0.91,0.11
8.555614948272705,-0.73,1.55,0.13
8.56553602218628,-0.68,2.04,0.02
8.596406936645508,-0.89,2.23,-0.13
8.596730947494507,-0.89,2.23,-0.13
8.598111867904663,-0.89,2.23,-0.13
8.605133056640625,-0.72,2.05,-0.05
8.614851951599121,-0.34,2.04,0.13
8.625566005706787,0.19,2.42,0.32
8.634779930114746,0.6,2.94,0.31
8.647034883499146,0.58,3.08,0.03
8.656661033630371,0.25,2.92,-0.42
8.66709280014038,0.04,2.35,-0.86
8.693432807922363,1.04,0.69,-0.78
8.693858861923218,1.04,0.69,-0.78
8.695833921432495,2.08,-0.54,-0.32
8.705753803253174,2.12,-1.0,0.07
8.716028928756714,1.2,-0.69,-0.0
8.726505756378174,0.53,-0.07,-0.32
8.73721194267273,0.61,0.41,-0.39
8.74722695350647,1.19,0.37,-0.19
8.756963968276978,1.69,0.06,0.32
8.767292022705078,1.85,-0.28,0.97
8.796686887741089,0.7,-1.59,2.78
8.797123908996582,0.7,-1.59,2.78
8.798138856887817,0.7,-1.59,2.78
8.806464910507202,0.27,-2.08,3.07
8.81656289100647,-0.04,-2.43,3.19
9.038976907730103,-0.63,-1.54,-0.96
9.039238929748535,-0.63,-1.54,-0.96
9.040417909622192,-0.63,-1.54,-0.96
9.040895938873291,-0.63,-1.54,-0.96
9.041354894638062,-0.63,-1.54,-0.96
9.041799068450928,-0.63,-1.54,-0.96
9.042239904403687,-0.63,-1.54,-0.96
9.042757987976074,-0.63,-1.54,-0.96
9.043295860290527,-0.63,-1.69,-0.9
9.044232845306396,-0.63,-1.69,-0.9
9.044716835021973,-0.63,-1.69,-0.9
9.045187950134277,-0.63,-1.69,-0.9
9.047366857528687,-0.63,-1.69,-0.9
9.04783582687378,-0.63,-1.69,-0.9
9.048282861709595,-0.63,-1.69,-0.9
9.048724889755249,-0.63,-1.69,-0.9
9.04918098449707,-0.63,-1.69,-0.9
9.049640893936157,-0.63,-1.69,-0.9
9.050145864486694,-0.63,-1.69,-0.9
9.05063796043396,-0.63,-1.69,-0.9
9.05108094215393,-0.63,-1.69,-0.9
9.051897048950195,-0.63,-1.69,-0.9
9.056097984313965,-0.59,-1.76,-0.87
9.065010070800781,-0.56,-1.71,-0.92
9.075037956237793,-0.57,-1.56,-1.03
9.08516788482666,-0.66,-1.35,-1.16
9.095609903335571,-0.83,-1.06,-1.24
9.10646390914917,-0.97,-0.67,-1.32
9.116690874099731,-1.08,-0.29,-1.41
58.106138944625854,-0.11,-0.52,-0.2
58.10677099227905,-0.11,-0.52,-0.2
58.107311964035034,-0.11,-0.52,-0.2
58.10785102844238,-0.11,-0.52,-0.2
58.108383893966675,-0.11,-0.52,-0.2
58.1089448928833,-0.11,-0.52,-0.2
58.109488010406494,-0.17,-0.53,-0.18
58.1112699508667,-0.17,-0.53,-0.18
58.111814975738525,-0.17,-0.53,-0.18
58.11248779296875,-0.17,-0.53,-0.18
58.113032817840576,-0.17,-0.53,-0.18
58.11353778839111,-0.17,-0.53,-0.18
58.11405277252197,-0.17,-0.53,-0.18
58.114595890045166,-0.17,-0.53,-0.18
58.115139961242676,-0.17,-0.53,-0.18
58.11567306518555,-0.17,-0.53,-0.18
58.11621809005737,-0.17,-0.53,-0.18
58.11673402786255,-0.17,-0.53,-0.18
58.11725187301636,-0.17,-0.53,-0.18
58.11776876449585,-0.17,-0.53,-0.18
58.11828374862671,-0.17,-0.53,-0.18
58.11880588531494,-0.17,-0.53,-0.18
58.11929893493652,-0.17,-0.53,-0.18
58.11980485916138,-0.2,-0.53,-0.17
58.12136793136597,-0.2,-0.53,-0.17
58.12188100814819,-0.2,-0.53,-0.17
58.12237191200256,-0.2,-0.53,-0.17
58.122907876968384,-0.2,-0.53,-0.17
58.12574100494385,-0.2,-0.53,-0.17
58.126242876052856,-0.2,-0.53,-0.17
58.12673807144165,-0.2,-0.53,-0.17
58.12722587585449,-0.2,-0.53,-0.17
58.12749004364014,-0.2,-0.53,-0.17
58.12768793106079,-0.2,-0.53,-0.17
58.12787985801697,-0.2,-0.53,-0.17
58.12808084487915,-0.2,-0.53,-0.17
58.128273010253906,-0.2,-0.53,-0.17
58.128467082977295,-0.2,-0.53,-0.17
58.12866687774658,-0.2,-0.53,-0.17
58.12897491455078,-0.2,-0.53,-0.17
58.12917709350586,-0.2,-0.53,-0.17
58.12937688827515,-0.2,-0.53,-0.17
58.12961387634277,-0.2,-0.52,-0.16
58.130033016204834,-0.2,-0.52,-0.16
58.130239963531494,-0.2,-0.52,-0.16
58.130444049835205,-0.2,-0.52,-0.16
58.130645751953125,-0.2,-0.52,-0.16
58.130849838256836,-0.2,-0.52,-0.16
58.13105297088623,-0.2,-0.52,-0.16
58.131255865097046,-0.2,-0.52,-0.16
58.13146185874939,-0.2,-0.52,-0.16
58.1316659450531,-0.2,-0.52,-0.16
58.131868839263916,-0.2,-0.52,-0.16
58.132071018218994,-0.2,-0.52,-0.16
58.132274866104126,-0.2,-0.52,-0.16
58.13257884979248,-0.2,-0.52,-0.16
58.13278675079346,-0.2,-0.52,-0.16
58.13300395011902,-0.2,-0.52,-0.16
58.13321399688721,-0.2,-0.52,-0.16
58.13342785835266,-0.2,-0.52,-0.16
58.13364791870117,-0.2,-0.52,-0.16
58.13375687599182,-0.2,-0.52,-0.16
58.13398599624634,-0.2,-0.52,-0.16
58.13420295715332,-0.2,-0.52,-0.16
58.13441586494446,-0.2,-0.52,-0.16
58.134636878967285,-0.2,-0.52,-0.16
58.13484787940979,-0.2,-0.52,-0.16
58.1350519657135,-0.2,-0.52,-0.16
58.135257959365845,-0.2,-0.52,-0.16
58.13546705245972,-0.2,-0.52,-0.16
58.13567590713501,-0.2,-0.52,-0.16
58.136024951934814,-0.2,-0.52,-0.16
58.13619804382324,-0.2,-0.52,-0.16
58.13636088371277,-0.2,-0.52,-0.16
58.13643980026245,-0.2,-0.52,-0.16
58.13673686981201,-0.2,-0.52,-0.16
58.13689184188843,-0.2,-0.52,-0.16
58.137096881866455,-0.2,-0.52,-0.16
58.13717293739319,-0.2,-0.52,-0.16
58.137250900268555,-0.2,-0.52,-0.16
58.13739991188049,-0.2,-0.52,-0.16
58.137547969818115,-0.2,-0.52,-0.16
58.13769483566284,-0.2,-0.52,-0.16
58.137842893600464,-0.2,-0.52,-0.16
58.1379919052124,-0.2,-0.52,-0.16
58.13814187049866,-0.2,-0.52,-0.16
58.13829278945923,-0.2,-0.52,-0.16
58.13844108581543,-0.2,-0.52,-0.16
58.13858890533447,-0.2,-0.52,-0.16
58.138736963272095,-0.2,-0.52,-0.16
58.13888502120972,-0.2,-0.52,-0.16
58.13903284072876,-0.2,-0.52,-0.16
58.139179944992065,-0.2,-0.52,-0.16
58.13932704925537,-0.2,-0.52,-0.16
58.1394898891449,-0.2,-0.52,-0.16
58.1396758556366,-0.2,-0.52,-0.16
58.14017200469971,-0.17,-0.5,-0.16
58.14062786102295,-0.17,-0.5,-0.16
58.140899896621704,-0.17,-0.5,-0.16
58.14116096496582,-0.17,-0.5,-0.16
58.14154887199402,-0.17,-0.5,-0.16
58.14181089401245,-0.17,-0.5,-0.16
58.14223885536194,-0.17,-0.5,-0.16
58.14237689971924,-0.17,-0.5,-0.16
58.14264106750488,-0.17,-0.5,-0.16
58.14290690422058,-0.17,-0.5,-0.16
58.14317798614502,-0.17,-0.5,-0.16
58.14343881607056,-0.17,-0.5,-0.16
58.14369988441467,-0.17,-0.5,-0.16
58.14395999908447,-0.17,-0.5,-0.16
58.14422798156738,-0.17,-0.5,-0.16
58.144550800323486,-0.17,-0.5,-0.16
58.14487290382385,-0.17,-0.5,-0.16
58.145158767700195,-0.17,-0.5,-0.16
58.14545297622681,-0.17,-0.5,-0.16
58.14573287963867,-0.17,-0.5,-0.16
58.14601373672485,-0.17,-0.5,-0.16
58.146283864974976,-0.17,-0.5,-0.16
58.146554946899414,-0.17,-0.5,-0.16
58.14682579040527,-0.17,-0.5,-0.16
58.147088050842285,-0.17,-0.5,-0.16
58.147347927093506,-0.17,-0.5,-0.16
58.14761686325073,-0.17,-0.5,-0.16
58.14791989326477,-0.17,-0.5,-0.16
58.148186922073364,-0.17,-0.5,-0.16
58.14849376678467,-0.17,-0.5,-0.16
58.14889693260193,-0.17,-0.5,-0.16
58.14906883239746,-0.17,-0.5,-0.16
58.149234771728516,-0.17,-0.5,-0.16
58.14946699142456,-0.17,-0.5,-0.16
58.14967203140259,-0.17,-0.5,-0.16
58.15002989768982,-0.13,-0.51,-0.16
58.15028190612793,-0.13,-0.51,-0.16
58.15035891532898,-0.13,-0.51,-0.16
58.15050792694092,-0.13,-0.51,-0.16
58.150656938552856,-0.13,-0.51,-0.16
58.150805950164795,-0.13,-0.51,-0.16
58.15095496177673,-0.13,-0.51,-0.16
58.15110397338867,-0.13,-0.51,-0.16
58.151251792907715,-0.13,-0.51,-0.16
58.151400089263916,-0.13,-0.51,-0.16
58.15154790878296,-0.13,-0.51,-0.16
58.15169596672058,-0.13,-0.51,-0.16
58.15184307098389,-0.13,-0.51,-0.16
58.15199089050293,-0.13,-0.51,-0.16
58.15213894844055,-0.13,-0.51,-0.16
58.15228796005249,-0.13,-0.51,-0.16
58.15243482589722,-0.13,-0.51,-0.16
58.152657985687256,-0.13,-0.51,-0.16
58.15286588668823,-0.13,-0.51,-0.16
58.15301489830017,-0.13,-0.51,-0.16
58.15316200256348,-0.13,-0.51,-0.16
58.153310775756836,-0.13,-0.51,-0.16
58.15345907211304,-0.13,-0.51,-0.16
58.15360689163208,-0.13,-0.51,-0.16
58.15375590324402,-0.13,-0.51,-0.16
58.15390396118164,-0.13,-0.51,-0.16
58.154051780700684,-0.13,-0.51,-0.16
58.154200077056885,-0.13,-0.51,-0.16
58.15434694290161,-0.13,-0.51,-0.16
58.15449595451355,-0.13,-0.51,-0.16
58.15465593338013,-0.13,-0.51,-0.16
58.15480995178223,-0.13,-0.51,-0.16
58.1549608707428,-0.13,-0.51,-0.16
58.155035972595215,-0.13,-0.51,-0.16
58.15511083602905,-0.13,-0.51,-0.16
58.15533208847046,-0.13,-0.51,-0.16
58.155478954315186,-0.13,-0.51,-0.16
58.15562677383423,-0.13,-0.51,-0.16
58.155773878097534,-0.13,-0.51,-0.16
58.15592098236084,-0.13,-0.51,-0.16
58.15606880187988,-0.13,-0.51,-0.16
58.15621590614319,-0.13,-0.51,-0.16
58.15636396408081,-0.13,-0.51,-0.16
58.15651082992554,-0.13,-0.51,-0.16
58.15665793418884,-0.13,-0.51,-0.16
58.15680694580078,-0.13,-0.51,-0.16
58.15695595741272,-0.13,-0.51,-0.16
58.15710401535034,-0.13,-0.51,-0.16
58.157251834869385,-0.13,-0.51,-0.16
58.15739989280701,-0.13,-0.51,-0.16
58.15768384933472,-0.13,-0.51,-0.16
58.15776205062866,-0.13,-0.51,-0.16
58.15791082382202,-0.13,-0.51,-0.16
58.158058881759644,-0.13,-0.51,-0.16
58.158206939697266,-0.13,-0.51,-0.16
58.15835380554199,-0.13,-0.51,-0.16
58.1585009098053,-0.13,-0.51,-0.16
58.15864896774292,-0.13,-0.51,-0.16
58.15879678726196,-0.13,-0.51,-0.16
58.15894389152527,-0.13,-0.51,-0.16
58.15909194946289,-0.13,-0.51,-0.16
58.15923881530762,-0.13,-0.51,-0.16
58.15938687324524,-0.13,-0.51,-0.16
58.159542083740234,-0.13,-0.51,-0.16
58.15969395637512,-0.13,-0.51,-0.16
58.159854888916016,-0.1,-0.51,-0.17
58.16019797325134,-0.1,-0.51,-0.17
58.16027498245239,-0.1,-0.51,-0.17
58.16053485870361,-0.1,-0.51,-0.17
58.160686016082764,-0.1,-0.51,-0.17
58.16083788871765,-0.1,-0.51,-0.17
58.16099786758423,-0.1,-0.51,-0.17
58.16115379333496,-0.1,-0.51,-0.17
58.16130995750427,-0.1,-0.51,-0.17
58.16146183013916,-0.1,-0.51,-0.17
58.16160988807678,-0.1,-0.51,-0.17
58.16178798675537,-0.1,-0.51,-0.17
58.16195774078369,-0.1,-0.51,-0.17
58.16211700439453,-0.1,-0.51,-0.17
58.16228199005127,-0.1,-0.51,-0.17
58.16303300857544,-0.1,-0.51,-0.17
58.16332292556763,-0.1,-0.51,-0.17
58.163475036621094,-0.1,-0.51,-0.17
58.163625955581665,-0.1,-0.51,-0.17
58.16382884979248,-0.1,-0.51,-0.17
58.16398286819458,-0.1,-0.51,-0.17
58.164387941360474,-0.1,-0.51,-0.17
58.16454195976257,-0.1,-0.51,-0.17
58.16478490829468,-0.1,-0.51,-0.17
58.16494607925415,-0.1,-0.51,-0.17
58.165101051330566,-0.1,-0.51,-0.17
58.16525387763977,-0.1,-0.51,-0.17
58.16540789604187,-0.1,-0.51,-0.17
58.165557861328125,-0.1,-0.51,-0.17
58.16570806503296,-0.1,-0.51,-0.17
58.165884017944336,-0.1,-0.51,-0.17
58.16612195968628,-0.1,-0.51,-0.17
58.16628289222717,-0.1,-0.51,-0.17
58.16643285751343,-0.1,-0.51,-0.17
58.16657996177673,-0.1,-0.51,-0.17
58.166730880737305,-0.1,-0.51,-0.17
58.166882038116455,-0.1,-0.51,-0.17
58.16702890396118,-0.1,-0.51,-0.17
58.167176961898804,-0.1,-0.51,-0.17
58.16732883453369,-0.1,-0.51,-0.17
58.16747808456421,-0.1,-0.51,-0.17
58.1676287651062,-0.1,-0.51,-0.17
58.1677827835083,-0.1,-0.51,-0.17
58.1679368019104,-0.1,-0.51,-0.17
58.16808605194092,-0.1,-0.51,-0.17
58.168232917785645,-0.1,-0.51,-0.17
58.16837978363037,-0.1,-0.51,-0.17
58.16852903366089,-0.1,-0.51,-0.17
58.168675899505615,-0.1,-0.51,-0.17
58.16882276535034,-0.1,-0.51,-0.17
58.16897106170654,-0.1,-0.51,-0.17
58.16911792755127,-0.1,-0.51,-0.17
58.16926574707031,-0.1,-0.51,-0.17
58.1694130897522,-0.1,-0.51,-0.17
58.16956901550293,-0.1,-0.51,-0.17
58.169739961624146,-0.1,-0.51,-0.17
58.16989493370056,-0.1,-0.51,-0.17
58.17031788825989,-0.07,-0.52,-0.2
58.17065095901489,-0.07,-0.52,-0.2
58.17080092430115,-0.07,-0.52,-0.2
58.170949935913086,-0.07,-0.52,-0.2
58.17109775543213,-0.07,-0.52,-0.2
58.17124700546265,-0.07,-0.52,-0.2
58.171398878097534,-0.07,-0.52,-0.2
58.17154598236084,-0.07,-0.52,-0.2
58.171692848205566,-0.07,-0.52,-0.2
58.17183995246887,-0.07,-0.52,-0.2
58.17198705673218,-0.07,-0.52,-0.2
58.17213487625122,-0.07,-0.52,-0.2
58.17228078842163,-0.07,-0.52,-0.2
58.17250204086304,-0.07,-0.52,-0.2
58.1726508140564,-0.07,-0.52,-0.2
58.17279887199402,-0.07,-0.52,-0.2
58.172945976257324,-0.07,-0.52,-0.2
58.17309284210205,-0.07,-0.52,-0.2
58.17324090003967,-0.07,-0.52,-0.2
58.17338800430298,-0.07,-0.52,-0.2
58.17353582382202,-0.07,-0.52,-0.2
58.17368292808533,-0.07,-0.52,-0.2
58.17383289337158,-0.07,-0.52,-0.2
58.174017906188965,-0.07,-0.52,-0.2
58.17416787147522,-0.07,-0.52,-0.2
58.17432689666748,-0.07,-0.52,-0.2
58.17448282241821,-0.07,-0.52,-0.2
58.17462992668152,-0.07,-0.52,-0.2
58.174784898757935,-0.07,-0.52,-0.2
58.17493391036987,-0.07,-0.52,-0.2
58.175086975097656,-0.07,-0.52,-0.2
58.17523694038391,-0.07,-0.52,-0.2
58.17538499832153,-0.07,-0.52,-0.2
58.17553186416626,-0.07,-0.52,-0.2
58.175678968429565,-0.07,-0.52,-0.2
58.17582607269287,-0.07,-0.52,-0.2
58.175973892211914,-0.07,-0.52,-0.2
58.17612290382385,-0.07,-0.52,-0.2
58.17627692222595,-0.07,-0.52,-0.2
58.17646503448486,-0.07,-0.52,-0.2
58.17661690711975,-0.07,-0.52,-0.2
58.17677187919617,-0.07,-0.52,-0.2
58.17692589759827,-0.07,-0.52,-0.2
58.17708492279053,-0.07,-0.52,-0.2
58.17723608016968,-0.07,-0.52,-0.2
58.1773898601532,-0.07,-0.52,-0.2
58.177546977996826,-0.07,-0.52,-0.2
58.17770481109619,-0.07,-0.52,-0.2
58.17786192893982,-0.07,-0.52,-0.2
58.178024768829346,-0.07,-0.52,-0.2
58.178199768066406,-0.07,-0.52,-0.2
58.178457736968994,-0.07,-0.52,-0.2
58.17854976654053,-0.07,-0.52,-0.2
58.17865586280823,-0.07,-0.52,-0.2
58.17909097671509,-0.07,-0.52,-0.2
58.1798210144043,-0.07,-0.52,-0.2
58.18047595024109,-0.07,-0.49,-0.22
58.18074607849121,-0.07,-0.49,-0.22
58.18099880218506,-0.07,-0.49,-0.22
58.18110275268555,-0.07,-0.49,-0.22
58.181206941604614,-0.07,-0.49,-0.22
58.18150997161865,-0.07,-0.49,-0.22
58.18190097808838,-0.07,-0.49,-0.22
58.18211078643799,-0.07,-0.49,-0.22
58.18228793144226,-0.07,-0.49,-0.22
58.182448863983154,-0.07,-0.49,-0.22
58.18263578414917,-0.07,-0.49,-0.22
58.18281888961792,-0.07,-0.49,-0.22
58.182973861694336,-0.07,-0.49,-0.22
58.183156967163086,-0.07,-0.49,-0.22
58.18331575393677,-0.07,-0.49,-0.22
58.18346977233887,-0.07,-0.49,-0.22
58.18362379074097,-0.07,-0.49,-0.22
58.18370485305786,-0.07,-0.49,-0.22
58.18389391899109,-0.07,-0.49,-0.22
58.1841299533844,-0.07,-0.49,-0.22
58.18428182601929,-0.07,-0.49,-0.22
58.184507846832275,-0.07,-0.49,-0.22
58.184584856033325,-0.07,-0.49,-0.22
58.18473792076111,-0.07,-0.49,-0.22
58.18496799468994,-0.07,-0.49,-0.22
58.18512487411499,-0.07,-0.49,-0.22
58.18527698516846,-0.07,-0.49,-0.22
58.18543004989624,-0.07,-0.49,-0.22
58.18558096885681,-0.07,-0.49,-0.22
58.1857328414917,-0.07,-0.49,-0.22
58.185959815979004,-0.07,-0.49,-0.22
58.18603587150574,-0.07,-0.49,-0.22
58.18619394302368,-0.07,-0.49,-0.22
58.18634796142578,-0.07,-0.49,-0.22
58.1865029335022,-0.07,-0.49,-0.22
58.186655044555664,-0.07,-0.49,-0.22
58.18680787086487,-0.07,-0.49,-0.22
58.18695878982544,-0.07,-0.49,-0.22
58.18711185455322,-0.07,-0.49,-0.22
58.18726396560669,-0.07,-0.49,-0.22
58.18754291534424,-0.07,-0.49,-0.22
58.18769693374634,-0.07,-0.49,-0.22
58.187849044799805,-0.07,-0.49,-0.22
58.187999963760376,-0.07,-0.49,-0.22
58.18807792663574,-0.07,-0.49,-0.22
58.18823003768921,-0.07,-0.49,-0.22
58.1883819103241,-0.07,-0.49,-0.22
58.1885347366333,-0.07,-0.49,-0.22
58.18868589401245,-0.07,-0.49,-0.22
58.18883800506592,-0.07,-0.49,-0.22
58.18899202346802,-0.07,-0.49,-0.22
58.1891450881958,-0.07,-0.49,-0.22
58.18929696083069,-0.07,-0.49,-0.22
58.18944978713989,-0.07,-0.49,-0.22
58.18952703475952,-0.07,-0.49,-0.22
58.1897029876709,-0.07,-0.49,-0.22
58.18986487388611,-0.07,-0.49,-0.22
58.19002103805542,-0.07,-0.49,-0.22
58.19027280807495,-0.07,-0.43,-0.23
58.190478801727295,-0.07,-0.43,-0.23
58.19063186645508,-0.07,-0.43,-0.23
58.190786838531494,-0.07,-0.43,-0.23
58.190934896469116,-0.07,-0.43,-0.23
58.19110989570618,-0.07,-0.43,-0.23
58.19125986099243,-0.07,-0.43,-0.23
58.19141483306885,-0.07,-0.43,-0.23
58.19156289100647,-0.07,-0.43,-0.23
58.191709995269775,-0.07,-0.43,-0.23
58.19186091423035,-0.07,-0.43,-0.23
58.19201183319092,-0.07,-0.43,-0.23
58.192166805267334,-0.07,-0.43,-0.23
58.192317962646484,-0.07,-0.43,-0.23
58.192463874816895,-0.07,-0.43,-0.23
58.19261407852173,-0.07,-0.43,-0.23
58.19275999069214,-0.07,-0.43,-0.23
58.1929087638855,-0.07,-0.43,-0.23
58.193055868148804,-0.07,-0.43,-0.23
58.19320297241211,-0.07,-0.43,-0.23
58.19335174560547,-0.07,-0.43,-0.23
58.193500995635986,-0.07,-0.43,-0.23
58.19364881515503,-0.07,-0.43,-0.23
58.19379687309265,-0.07,-0.43,-0.23
58.19394397735596,-0.07,-0.43,-0.23
58.19412708282471,-0.07,-0.43,-0.23
58.194278955459595,-0.07,-0.43,-0.23
58.19443488121033,-0.07,-0.43,-0.23
58.19459104537964,-0.07,-0.43,-0.23
58.19474196434021,-0.07,-0.43,-0.23
58.19496488571167,-0.07,-0.43,-0.23
58.195119857788086,-0.07,-0.43,-0.23
58.19528889656067,-0.07,-0.43,-0.23
58.195443868637085,-0.07,-0.43,-0.23
58.195809841156006,-0.07,-0.43,-0.23
58.19596481323242,-0.07,-0.43,-0.23
58.19612503051758,-0.07,-0.43,-0.23
58.19627785682678,-0.07,-0.43,-0.23
58.19643187522888,-0.07,-0.43,-0.23
58.19658899307251,-0.07,-0.43,-0.23
58.19673991203308,-0.07,-0.43,-0.23
58.1968948841095,-0.07,-0.43,-0.23
58.1970489025116,-0.07,-0.43,-0.23
58.19719982147217,-0.07,-0.43,-0.23
58.19743776321411,-0.07,-0.43,-0.23
58.197587966918945,-0.07,-0.43,-0.23
58.197736740112305,-0.07,-0.43,-0.23
58.197903871536255,-0.07,-0.43,-0.23
58.19805693626404,-0.07,-0.43,-0.23
58.19820690155029,-0.07,-0.43,-0.23
58.198359966278076,-0.07,-0.43,-0.23
58.19851207733154,-0.07,-0.43,-0.23
58.198659896850586,-0.07,-0.43,-0.23
58.198813915252686,-0.07,-0.43,-0.23
58.199028968811035,-0.07,-0.43,-0.23
58.19910788536072,-0.07,-0.43,-0.23
58.19933295249939,-0.07,-0.43,-0.23
58.19948387145996,-0.07,-0.43,-0.23
58.199634075164795,-0.07,-0.43,-0.23
58.19978380203247,-0.07,-0.43,-0.23
58.19993495941162,-0.07,-0.43,-0.23
58.20008993148804,-0.07,-0.43,-0.23
58.2002489566803,-0.07,-0.43,-0.23
58.200560092926025,-0.06,-0.39,-0.23
58.20063495635986,-0.06,-0.39,-0.23
58.20096302032471,-0.06,-0.39,-0.23
58.20111083984375,-0.06,-0.39,-0.23
58.20125675201416,-0.06,-0.39,-0.23
58.20147705078125,-0.06,-0.39,-0.23
58.20155096054077,-0.06,-0.39,-0.23
58.201695919036865,-0.06,-0.39,-0.23
58.201841831207275,-0.06,-0.39,-0.23
58.201987743377686,-0.06,-0.39,-0.23
58.202133893966675,-0.06,-0.39,-0.23
58.20228099822998,-0.06,-0.39,-0.23
58.20242786407471,-0.06,-0.39,-0.23
58.2025728225708,-0.06,-0.39,-0.23
58.20271897315979,-0.06,-0.39,-0.23
58.20286989212036,-0.06,-0.39,-0.23
58.20302200317383,-0.06,-0.39,-0.23
58.20318794250488,-0.06,-0.39,-0.23
58.20333695411682,-0.06,-0.39,-0.23
58.20348501205444,-0.06,-0.39,-0.23
58.203704833984375,-0.06,-0.39,-0.23
58.20386600494385,-0.06,-0.39,-0.23
58.2040159702301,-0.06,-0.39,-0.23
58.20416784286499,-0.06,-0.39,-0.23
58.204318046569824,-0.06,-0.39,-0.23
58.20447587966919,-0.06,-0.39,-0.23
58.20466589927673,-0.06,-0.39,-0.23
58.204822063446045,-0.06,-0.39,-0.23
58.204978942871094,-0.06,-0.39,-0.23
58.20513582229614,-0.06,-0.39,-0.23
58.20529389381409,-0.06,-0.39,-0.23
58.205445766448975,-0.06,-0.39,-0.23
58.2056040763855,-0.06,-0.39,-0.23
58.20576000213623,-0.06,-0.39,-0.23
58.20590686798096,-0.06,-0.39,-0.23
58.20605182647705,-0.06,-0.39,-0.23
58.206198930740356,-0.06,-0.39,-0.23
58.206345081329346,-0.06,-0.39,-0.23
58.206490993499756,-0.06,-0.39,-0.23
58.206636905670166,-0.06,-0.39,-0.23
58.20678186416626,-0.06,-0.39,-0.23
58.206928968429565,-0.06,-0.39,-0.23
58.20707392692566,-0.06,-0.39,-0.23
58.20721888542175,-0.06,-0.39,-0.23
58.20736503601074,-0.06,-0.39,-0.23
58.20754098892212,-0.06,-0.39,-0.23
58.20768880844116,-0.06,-0.39,-0.23
58.20784378051758,-0.06,-0.39,-0.23
58.20798993110657,-0.06,-0.39,-0.23
58.20813608169556,-0.06,-0.39,-0.23
58.20828199386597,-0.06,-0.39,-0.23
58.20842790603638,-0.06,-0.39,-0.23
58.20857381820679,-0.06,-0.39,-0.23
58.20871877670288,-0.06,-0.39,-0.23
58.20886492729187,-0.06,-0.39,-0.23
58.20901107788086,-0.06,-0.39,-0.23
58.20915699005127,-0.06,-0.39,-0.23
58.20932388305664,-0.06,-0.39,-0.23
58.209476947784424,-0.06,-0.39,-0.23
58.20969891548157,-0.06,-0.39,-0.23
58.209903955459595,-0.06,-0.39,-0.23
58.21009397506714,-0.06,-0.39,-0.23
58.21043586730957,-0.04,-0.37,-0.22
58.2107048034668,-0.04,-0.37,-0.22
58.21085500717163,-0.04,-0.37,-0.22
58.21092987060547,-0.04,-0.37,-0.22
58.21114993095398,-0.04,-0.37,-0.22
58.21130990982056,-0.04,-0.37,-0.22
58.21146202087402,-0.04,-0.37,-0.22
58.211609840393066,-0.04,-0.37,-0.22
58.21175789833069,-0.04,-0.37,-0.22
58.21191883087158,-0.04,-0.37,-0.22
58.212073802948,-0.04,-0.37,-0.22
58.21223187446594,-0.04,-0.37,-0.22
58.21238708496094,-0.04,-0.37,-0.22
58.212538957595825,-0.04,-0.37,-0.22
58.2126898765564,-0.04,-0.37,-0.22
58.21290683746338,-0.04,-0.37,-0.22
58.21306490898132,-0.04,-0.37,-0.22
58.213215827941895,-0.04,-0.37,-0.22
58.21336889266968,-0.04,-0.37,-0.22
58.213568925857544,-0.04,-0.37,-0.22
58.21372985839844,-0.04,-0.37,-0.22
58.2138888835907,-0.04,-0.37,-0.22
58.2140429019928,-0.04,-0.37,-0.22
58.214202880859375,-0.04,-0.37,-0.22
58.214683055877686,-0.04,-0.37,-0.22
58.214839935302734,-0.04,-0.37,-0.22
58.21503782272339,-0.04,-0.37,-0.22
58.215192794799805,-0.04,-0.37,-0.22
58.215341091156006,-0.04,-0.37,-0.22
58.215510845184326,-0.04,-0.37,-0.22
58.21566295623779,-0.04,-0.37,-0.22
58.21588087081909,-0.04,-0.37,-0.22
58.21595478057861,-0.04,-0.37,-0.22
58.21624279022217,-0.04,-0.37,-0.22
58.216317892074585,-0.04,-0.37,-0.22
58.21646308898926,-0.04,-0.37,-0.22
58.21660900115967,-0.04,-0.37,-0.22
58.21675491333008,-0.04,-0.37,-0.22
58.21689987182617,-0.04,-0.37,-0.22
58.21704578399658,-0.04,-0.37,-0.22
58.21719193458557,-0.04,-0.37,-0.22
58.21733808517456,-0.04,-0.37,-0.22
58.217483043670654,-0.04,-0.37,-0.22
58.217628955841064,-0.04,-0.37,-0.22
58.21784687042236,-0.04,-0.37,-0.22
58.21799182891846,-0.04,-0.37,-0.22
58.21813774108887,-0.04,-0.37,-0.22
58.21828293800354,-0.04,-0.37,-0.22
58.21842908859253,-0.04,-0.37,-0.22
58.21862292289734,-0.04,-0.37,-0.22
58.21877384185791,-0.04,-0.37,-0.22
58.21892189979553,-0.04,-0.37,-0.22
58.219066858291626,-0.04,-0.37,-0.22
58.21914196014404,-0.04,-0.37,-0.22
58.21928691864014,-0.04,-0.37,-0.22
58.21943283081055,-0.04,-0.37,-0.22
58.219582080841064,-0.04,-0.37,-0.22
58.21972990036011,-0.04,-0.37,-0.22
58.219876766204834,-0.04,-0.37,-0.22
58.22002291679382,-0.04,-0.37,-0.22
58.220205783843994,-0.04,-0.37,-0.22
58.22038292884827,-0.03,-0.35,-0.2
58.22087907791138,-0.03,-0.35,-0.2
58.22103786468506,-0.03,-0.35,-0.2
58.221195936203,-0.03,-0.35,-0.2
58.22143602371216,-0.03,-0.35,-0.2
58.22151589393616,-0.03,-0.35,-0.2
58.22167205810547,-0.03,-0.35,-0.2
58.221829891204834,-0.03,-0.35,-0.2
58.22198796272278,-0.03,-0.35,-0.2
58.22214984893799,-0.03,-0.35,-0.2
58.22230386734009,-0.03,-0.35,-0.2
58.22246193885803,-0.03,-0.35,-0.2
58.22260904312134,-0.03,-0.35,-0.2
58.22275495529175,-0.03,-0.35,-0.2
58.222901821136475,-0.03,-0.35,-0.2
58.22304892539978,-0.03,-0.35,-0.2
58.223196029663086,-0.03,-0.35,-0.2
58.22334384918213,-0.03,-0.35,-0.2
58.22348976135254,-0.03,-0.35,-0.2
58.2236590385437,-0.03,-0.35,-0.2
58.22383975982666,-0.03,-0.35,-0.2
58.22399377822876,-0.03,-0.35,-0.2
58.2241530418396,-0.03,-0.35,-0.2
58.22430396080017,-0.03,-0.35,-0.2
58.22445201873779,-0.03,-0.35,-0.2
58.22460079193115,-0.03,-0.35,-0.2
58.22474789619446,-0.03,-0.35,-0.2
58.224895000457764,-0.03,-0.35,-0.2
58.22504186630249,-0.03,-0.35,-0.2
58.22524690628052,-0.03,-0.35,-0.2
58.22539806365967,-0.03,-0.35,-0.2
58.225553035736084,-0.03,-0.35,-0.2
58.22569990158081,-0.03,-0.35,-0.2
58.22584581375122,-0.03,-0.35,-0.2
58.225990772247314,-0.03,-0.35,-0.2
58.22614097595215,-0.03,-0.35,-0.2
58.2262909412384,-0.03,-0.35,-0.2
58.226441860198975,-0.03,-0.35,-0.2
58.226593017578125,-0.03,-0.35,-0.2
58.22673988342285,-0.03,-0.35,-0.2
58.22693085670471,-0.03,-0.35,-0.2
58.22708177566528,-0.03,-0.35,-0.2
58.22723388671875,-0.03,-0.35,-0.2
58.22738289833069,-0.03,-0.35,-0.2
58.227530002593994,-0.03,-0.35,-0.2
58.227675914764404,-0.03,-0.35,-0.2
58.227823972702026,-0.03,-0.35,-0.2
58.22798204421997,-0.03,-0.35,-0.2
58.22813177108765,-0.03,-0.35,-0.2
58.22827887535095,-0.03,-0.35,-0.2
58.22842788696289,-0.03,-0.35,-0.2
58.22867202758789,-0.03,-0.35,-0.2
58.22882890701294,-0.03,-0.35,-0.2
58.22897791862488,-0.03,-0.35,-0.2
58.22912788391113,-0.03,-0.35,-0.2
58.22927474975586,-0.03,-0.35,-0.2
58.22942399978638,-0.03,-0.35,-0.2
58.2295708656311,-0.03,-0.35,-0.2
58.229722023010254,-0.03,-0.35,-0.2
58.22987174987793,-0.03,-0.35,-0.2
58.230019092559814,-0.03,-0.35,-0.2
58.23016977310181,-0.03,-0.35,-0.2
58.230371952056885,-0.16,-0.46,-0.21
58.23086190223694,-0.16,-0.46,-0.21
58.23101186752319,-0.16,-0.46,-0.21
58.23116087913513,-0.16,-0.46,-0.21
58.23130798339844,-0.16,-0.46,-0.21
58.231454849243164,-0.16,-0.46,-0.21
58.231602907180786,-0.16,-0.46,-0.21
58.23175001144409,-0.16,-0.46,-0.21
58.23189687728882,-0.16,-0.46,-0.21
58.232043743133545,-0.16,-0.46,-0.21
58.23226308822632,-0.16,-0.46,-0.21
58.232337951660156,-0.16,-0.46,-0.21
58.23248481750488,-0.16,-0.46,-0.21
58.2325599193573,-0.16,-0.46,-0.21
58.23283386230469,-0.16,-0.46,-0.21
58.23417806625366,-0.16,-0.46,-0.21
58.23425579071045,-0.16,-0.46,-0.21
58.2351188659668,-0.16,-0.46,-0.21
58.23526477813721,-0.16,-0.46,-0.21
58.23541498184204,-0.16,-0.46,-0.21
58.235564947128296,-0.16,-0.46,-0.21
58.235713958740234,-0.16,-0.46,-0.21
58.235787868499756,-0.16,-0.46,-0.21
58.23600673675537,-0.16,-0.46,-0.21
58.23615789413452,-0.16,-0.46,-0.21
58.23630475997925,-0.16,-0.46,-0.21
58.236451864242554,-0.16,-0.46,-0.21
58.236599922180176,-0.16,-0.46,-0.21
58.24415588378906,-0.18,-0.42,-0.16
58.2707679271698,-0.18,-0.4,-0.17
58.27115988731384,-0.18,-0.4,-0.17
58.27223205566406,-0.18,-0.4,-0.17
58.28166890144348,-0.14,-0.35,-0.2
58.30313587188721,-0.06,-0.2,-0.21
58.30373001098633,-0.06,-0.2,-0.21
58.313896894454956,-0.04,-0.18,-0.19
58.322672843933105,-0.01,-0.19,-0.16
58.335407972335815,-0.01,-0.22,-0.14
58.345656871795654,-0.02,-0.21,-0.14
58.35360789299011,-0.04,-0.18,-0.14
58.363337993621826,-0.07,-0.15,-0.14
58.376335859298706,-0.1,-0.14,-0.13
58.402698040008545,-0.12,-0.06,-0.08
58.40279483795166,-0.12,-0.06,-0.08
58.40394592285156,-0.12,-0.06,-0.08
58.415156841278076,-0.08,0.01,-0.07
58.44115090370178,-0.03,0.04,-0.07
58.44133996963501,-0.03,0.04,-0.07
58.44605302810669,-0.04,-0.01,-0.07
58.45674395561218,-0.07,-0.06,-0.06
58.47315788269043,-0.12,-0.04,-0.04
58.474318981170654,-0.12,-0.04,-0.04
58.48657703399658,-0.14,-0.03,-0.03
58.506757736206055,-0.16,-0.01,0.01
58.50693988800049,-0.16,-0.01,0.01
58.51911687850952,-0.14,0.02,0.03
58.525903940200806,-0.12,0.05,0.05
58.539875984191895,-0.1,0.06,0.05
58.54561805725098,-0.1,0.05,0.05
58.55790090560913,-0.11,0.05,0.04
58.57525086402893,-0.14,0.06,0.03
58.575993061065674,-0.14,0.06,0.03
58.58785581588745,-0.17,0.05,0.04
58.596460819244385,-0.21,0.0,0.05
58.60898208618164,-0.24,-0.02,0.09
58.62528085708618,-0.15,0.15,0.13
58.6260929107666,-0.15,0.15,0.13
58.63693594932556,0.17,0.38,0.06
58.64665389060974,0.2,0.33,-0.05
58.658833026885986,0.05,0.14,-0.1
58.676387786865234,-0.37,-0.35,-0.08
58.67717885971069,-0.37,-0.35,-0.08
58.689085960388184,-0.51,-0.44,-0.06
58.69662094116211,-0.48,-0.41,-0.03
58.709670066833496,-0.31,-0.26,-0.04
